Item, QTY, UNIT (USD), VENDOR (I shortened the really long ALiExpress links)
Right angle rotary encoder 20MM, 1, $2.00, [AliExpress](https://www.aliexpress.com/item/1005012328719501.html?spm=a2g0o.cart.0.0.4e1338daat3Zhc&dp=2607121975&af=32858&mp=1&pdp_npi=6%40dis%21CAD%21CAD+3.53%21CAD+3.53%21%21CAD+3.53%21%21%21%402101e5ab17914077972482350e102e%2112000058093599020%21ct%21CA%216061460175%21%212%210%21&aff_fcid=5e868d1d591b4d239935c863c9493590-1791681341901-09931-_Dc7G5vh&tt=CPS_NORMAL&aff_fsk=_Dc7G5vh&aff_platform=portals-tool&sk=_Dc7G5vh&aff_trace_key=5e868d1d591b4d239935c863c9493590-1791681341901-09931-_Dc7G5vh&terminal_id=a48df7d7f6b041e3b673c978dbda9511&afSmartRedirect=y)
0.96 Inch OLDED Display Module, 1, $2.75, https://tinyurl.com/4d53tcrs
ESP32-C3 Super Mini, 1, $3.20, https://tinyurl.com/38xyajv4
DFP Player/ TF Card Reader, 1, $1.90, https://tinyurl.com/mr2xercb
28*9*4mm 1w 8ohm Speaker, 1, $4.90, https://tinyurl.com/yc5m5yha
902030 500mAh Lipo Battery, 1, $7.90, https://tinyurl.com/wmr54224
MCU6050, 1, $2.45, https://tinyurl.com/ep5mutfw
LED 3mm, 1, $0.04, https://tinyurl.com/yhbuswex
SPST Switch, 1, $0.10, https://tinyurl.com/mwpac9wk
Resistor 330ohm, 1, $0.02, https://tinyurl.com/5t5737zy
Key Bob PCB, 1, $1.10, https://cart.jlcpcb.com/quote
,,,
Total (Per Kit), 1, $26.36,
