Info Type, Links
DFPlayer Mini MP3 player module TF Card Wiring, https://github.com/Sukarnascience/DFPlayer-Mini-Library-for-ESP32
DFPlayer Document information, https://www.manualslib.com/manual/1731781/Dfrobot-Dfplayer-Mini.html?page=2#manual
Rotry encoder 20mm wiring, https://github.com/jjsch-dev/rotary-encoder
0.96 Inch OLED module wiring and code examples, https://pcbsync.com/ssd1306-oled-arduino/
MPU6050 wiring, https://github.com/kumarjitray/ESP32_MPU6050
,
Video/gif/image, Links
File converter to code website for OLED display, https://www.oledanimationmaker.com/
Rocky from Project Hail Mary danciing, https://tenor.com/view/phm-rocky-dancing-project-hail-mary-gif-17037390615447359100
Rocky idle, https://cults3d.com/en/3d-model/art/alien-engineer-rocky-inspired-figure-project-hail-mary-style-3d-model-stl
Pompompurin dancing, https://tenor.com/view/dancing-pompompurin-gif-5474043
Pompompurin idle, https://www.artofit.org/image-gallery/3166662233854708/pompompurin-icon-sticker/
American Woodcock dancing, https://tenor.com/view/dancing-kiwis-gif-26168357
American Woodcock idle, https://app.birda.org/species-guide/6733/American_Woodcock
